store_id,product_id,stock_quantity
STORE100,PROD1000,105
STORE100,PROD1001,126
STORE100,PROD1002,96
STORE100,PROD1003,89
STORE100,PROD1004,139
STORE100,PROD1005,96
STORE100,PROD1006,25
STORE100,PROD1007,122
STORE100,PROD1008,147
STORE100,PROD1009,166
STORE100,PROD1010,194
STORE100,PROD1011,175
STORE100,PROD1012,57
STORE100,PROD1013,41
STORE100,PROD1014,115
STORE100,PROD1015,18
STORE100,PROD1016,8
STORE100,PROD1017,75
STORE100,PROD1018,5
STORE100,PROD1019,81
STORE100,PROD1020,66
STORE100,PROD1021,26
STORE100,PROD1022,18
STORE100,PROD1023,87
STORE100,PROD1024,43
STORE100,PROD1025,96
STORE100,PROD1026,41
STORE100,PROD1027,187
STORE100,PROD1028,19
STORE100,PROD1029,140
STORE100,PROD1030,23
STORE100,PROD1031,86
STORE100,PROD1032,152
STORE100,PROD1033,157
STORE100,PROD1034,123
STORE100,PROD1035,180
STORE100,PROD1036,7
STORE100,PROD1037,110
STORE100,PROD1038,167
STORE100,PROD1039,42
STORE100,PROD1040,155
STORE100,PROD1041,111
STORE100,PROD1042,40
STORE100,PROD1043,13
STORE100,PROD1044,25
STORE100,PROD1045,84
STORE100,PROD1046,52
STORE100,PROD1047,48
STORE100,PROD1048,104
STORE100,PROD1049,178
STORE100,PROD1050,141
STORE100,PROD1051,184
STORE100,PROD1052,186
STORE100,PROD1053,138
STORE100,PROD1054,67
STORE100,PROD1055,169
STORE100,PROD1056,72
STORE100,PROD1057,76
STORE100,PROD1058,60
STORE100,PROD1059,24
STORE100,PROD1060,12
STORE100,PROD1061,100
STORE100,PROD1062,146
STORE100,PROD1063,140
STORE100,PROD1064,125
STORE100,PROD1065,39
STORE100,PROD1066,13
STORE100,PROD1067,92
STORE100,PROD1068,0
STORE100,PROD1069,109
STORE100,PROD1070,22
STORE100,PROD1071,75
STORE100,PROD1072,169
STORE100,PROD1073,160
STORE100,PROD1074,153
STORE100,PROD1075,122
STORE100,PROD1076,51
STORE100,PROD1077,24
STORE100,PROD1078,6
STORE100,PROD1079,52
STORE100,PROD1080,43
STORE100,PROD1081,163
STORE100,PROD1082,74
STORE100,PROD1083,20
STORE100,PROD1084,121
STORE100,PROD1085,29
STORE100,PROD1086,78
STORE100,PROD1087,200
STORE100,PROD1088,101
STORE100,PROD1089,120
STORE100,PROD1090,125
STORE100,PROD1091,169
STORE100,PROD1092,67
STORE100,PROD1093,23
STORE100,PROD1094,164
STORE100,PROD1095,139
STORE100,PROD1096,99
STORE100,PROD1097,47
STORE100,PROD1098,94
STORE100,PROD1099,97
STORE101,PROD1000,94
STORE101,PROD1001,47
STORE101,PROD1002,114
STORE101,PROD1003,11
STORE101,PROD1004,67
STORE101,PROD1005,112
STORE101,PROD1006,119
STORE101,PROD1007,67
STORE101,PROD1008,57
STORE101,PROD1009,68
STORE101,PROD1010,144
STORE101,PROD1011,15
STORE101,PROD1012,38
STORE101,PROD1013,192
STORE101,PROD1014,178
STORE101,PROD1015,170
STORE101,PROD1016,24
STORE101,PROD1017,21
STORE101,PROD1018,171
STORE101,PROD1019,88
STORE101,PROD1020,138
STORE101,PROD1021,105
STORE101,PROD1022,193
STORE101,PROD1023,150
STORE101,PROD1024,58
STORE101,PROD1025,141
STORE101,PROD1026,15
STORE101,PROD1027,99
STORE101,PROD1028,133
STORE101,PROD1029,107
STORE101,PROD1030,137
STORE101,PROD1031,175
STORE101,PROD1032,121
STORE101,PROD1033,146
STORE101,PROD1034,60
STORE101,PROD1035,121
STORE101,PROD1036,76
STORE101,PROD1037,20
STORE101,PROD1038,101
STORE101,PROD1039,182
STORE101,PROD1040,8
STORE101,PROD1041,128
STORE101,PROD1042,146
STORE101,PROD1043,132
STORE101,PROD1044,146
STORE101,PROD1045,173
STORE101,PROD1046,158
STORE101,PROD1047,37
STORE101,PROD1048,30
STORE101,PROD1049,193
STORE101,PROD1050,114
STORE101,PROD1051,44
STORE101,PROD1052,42
STORE101,PROD1053,54
STORE101,PROD1054,49
STORE101,PROD1055,32
STORE101,PROD1056,10
STORE101,PROD1057,108
STORE101,PROD1058,20
STORE101,PROD1059,174
STORE101,PROD1060,111
STORE101,PROD1061,51
STORE101,PROD1062,160
STORE101,PROD1063,37
STORE101,PROD1064,152
STORE101,PROD1065,66
STORE101,PROD1066,81
STORE101,PROD1067,186
STORE101,PROD1068,17
STORE101,PROD1069,22
STORE101,PROD1070,99
STORE101,PROD1071,142
STORE101,PROD1072,101
STORE101,PROD1073,141
STORE101,PROD1074,83
STORE101,PROD1075,70
STORE101,PROD1076,133
STORE101,PROD1077,117
STORE101,PROD1078,3
STORE101,PROD1079,179
STORE101,PROD1080,159
STORE101,PROD1081,150
STORE101,PROD1082,133
STORE101,PROD1083,200
STORE101,PROD1084,107
STORE101,PROD1085,28
STORE101,PROD1086,106
STORE101,PROD1087,38
STORE101,PROD1088,37
STORE101,PROD1089,145
STORE101,PROD1090,150
STORE101,PROD1091,149
STORE101,PROD1092,194
STORE101,PROD1093,25
STORE101,PROD1094,27
STORE101,PROD1095,144
STORE101,PROD1096,199
STORE101,PROD1097,25
STORE101,PROD1098,73
STORE101,PROD1099,137
STORE102,PROD1000,88
STORE102,PROD1001,105
STORE102,PROD1002,67
STORE102,PROD1003,98
STORE102,PROD1004,167
STORE102,PROD1005,124
STORE102,PROD1006,146
STORE102,PROD1007,155
STORE102,PROD1008,121
STORE102,PROD1009,9
STORE102,PROD1010,44
STORE102,PROD1011,70
STORE102,PROD1012,103
STORE102,PROD1013,36
STORE102,PROD1014,158
STORE102,PROD1015,155
STORE102,PROD1016,174
STORE102,PROD1017,177
STORE102,PROD1018,102
STORE102,PROD1019,9
STORE102,PROD1020,101
STORE102,PROD1021,84
STORE102,PROD1022,176
STORE102,PROD1023,60
STORE102,PROD1024,12
STORE102,PROD1025,190
STORE102,PROD1026,121
STORE102,PROD1027,68
STORE102,PROD1028,95
STORE102,PROD1029,5
STORE102,PROD1030,86
STORE102,PROD1031,77
STORE102,PROD1032,79
STORE102,PROD1033,71
STORE102,PROD1034,125
STORE102,PROD1035,178
STORE102,PROD1036,175
STORE102,PROD1037,25
STORE102,PROD1038,58
STORE102,PROD1039,34
STORE102,PROD1040,76
STORE102,PROD1041,190
STORE102,PROD1042,113
STORE102,PROD1043,198
STORE102,PROD1044,82
STORE102,PROD1045,68
STORE102,PROD1046,186
STORE102,PROD1047,106
STORE102,PROD1048,154
STORE102,PROD1049,165
STORE102,PROD1050,22
STORE102,PROD1051,48
STORE102,PROD1052,113
STORE102,PROD1053,54
STORE102,PROD1054,104
STORE102,PROD1055,189
STORE102,PROD1056,124
STORE102,PROD1057,194
STORE102,PROD1058,132
STORE102,PROD1059,95
STORE102,PROD1060,14
STORE102,PROD1061,131
STORE102,PROD1062,40
STORE102,PROD1063,16
STORE102,PROD1064,79
STORE102,PROD1065,181
STORE102,PROD1066,129
STORE102,PROD1067,103
STORE102,PROD1068,34
STORE102,PROD1069,199
STORE102,PROD1070,134
STORE102,PROD1071,145
STORE102,PROD1072,7
STORE102,PROD1073,44
STORE102,PROD1074,49
STORE102,PROD1075,51
STORE102,PROD1076,14
STORE102,PROD1077,63
STORE102,PROD1078,8
STORE102,PROD1079,116
STORE102,PROD1080,12
STORE102,PROD1081,92
STORE102,PROD1082,180
STORE102,PROD1083,50
STORE102,PROD1084,70
STORE102,PROD1085,94
STORE102,PROD1086,118
STORE102,PROD1087,129
STORE102,PROD1088,101
STORE102,PROD1089,162
STORE102,PROD1090,31
STORE102,PROD1091,174
STORE102,PROD1092,7
STORE102,PROD1093,61
STORE102,PROD1094,95
STORE102,PROD1095,125
STORE102,PROD1096,152
STORE102,PROD1097,114
STORE102,PROD1098,45
STORE102,PROD1099,121
STORE103,PROD1000,150
STORE103,PROD1001,141
STORE103,PROD1002,89
STORE103,PROD1003,88
STORE103,PROD1004,41
STORE103,PROD1005,66
STORE103,PROD1006,191
STORE103,PROD1007,176
STORE103,PROD1008,23
STORE103,PROD1009,72
STORE103,PROD1010,7
STORE103,PROD1011,98
STORE103,PROD1012,12
STORE103,PROD1013,41
STORE103,PROD1014,146
STORE103,PROD1015,199
STORE103,PROD1016,54
STORE103,PROD1017,56
STORE103,PROD1018,165
STORE103,PROD1019,57
STORE103,PROD1020,173
STORE103,PROD1021,52
STORE103,PROD1022,68
STORE103,PROD1023,166
STORE103,PROD1024,104
STORE103,PROD1025,131
STORE103,PROD1026,5
STORE103,PROD1027,199
STORE103,PROD1028,196
STORE103,PROD1029,174
STORE103,PROD1030,2
STORE103,PROD1031,121
STORE103,PROD1032,33
STORE103,PROD1033,165
STORE103,PROD1034,44
STORE103,PROD1035,153
STORE103,PROD1036,2
STORE103,PROD1037,57
STORE103,PROD1038,64
STORE103,PROD1039,155
STORE103,PROD1040,78
STORE103,PROD1041,182
STORE103,PROD1042,181
STORE103,PROD1043,164
STORE103,PROD1044,70
STORE103,PROD1045,108
STORE103,PROD1046,96
STORE103,PROD1047,89
STORE103,PROD1048,117
STORE103,PROD1049,64
STORE103,PROD1050,55
STORE103,PROD1051,119
STORE103,PROD1052,77
STORE103,PROD1053,173
STORE103,PROD1054,133
STORE103,PROD1055,159
STORE103,PROD1056,101
STORE103,PROD1057,149
STORE103,PROD1058,26
STORE103,PROD1059,1
STORE103,PROD1060,130
STORE103,PROD1061,169
STORE103,PROD1062,95
STORE103,PROD1063,143
STORE103,PROD1064,165
STORE103,PROD1065,152
STORE103,PROD1066,155
STORE103,PROD1067,72
STORE103,PROD1068,76
STORE103,PROD1069,175
STORE103,PROD1070,27
STORE103,PROD1071,123
STORE103,PROD1072,16
STORE103,PROD1073,86
STORE103,PROD1074,70
STORE103,PROD1075,163
STORE103,PROD1076,83
STORE103,PROD1077,70
STORE103,PROD1078,66
STORE103,PROD1079,167
STORE103,PROD1080,182
STORE103,PROD1081,166
STORE103,PROD1082,76
STORE103,PROD1083,48
STORE103,PROD1084,38
STORE103,PROD1085,132
STORE103,PROD1086,195
STORE103,PROD1087,61
STORE103,PROD1088,14
STORE103,PROD1089,153
STORE103,PROD1090,103
STORE103,PROD1091,169
STORE103,PROD1092,81
STORE103,PROD1093,174
STORE103,PROD1094,35
STORE103,PROD1095,184
STORE103,PROD1096,6
STORE103,PROD1097,167
STORE103,PROD1098,127
STORE103,PROD1099,75
STORE104,PROD1000,66
STORE104,PROD1001,107
STORE104,PROD1002,103
STORE104,PROD1003,99
STORE104,PROD1004,188
STORE104,PROD1005,9
STORE104,PROD1006,149
STORE104,PROD1007,181
STORE104,PROD1008,146
STORE104,PROD1009,48
STORE104,PROD1010,87
STORE104,PROD1011,185
STORE104,PROD1012,182
STORE104,PROD1013,56
STORE104,PROD1014,175
STORE104,PROD1015,136
STORE104,PROD1016,163
STORE104,PROD1017,200
STORE104,PROD1018,121
STORE104,PROD1019,171
STORE104,PROD1020,91
STORE104,PROD1021,129
STORE104,PROD1022,76
STORE104,PROD1023,43
STORE104,PROD1024,168
STORE104,PROD1025,142
STORE104,PROD1026,46
STORE104,PROD1027,75
STORE104,PROD1028,24
STORE104,PROD1029,120
STORE104,PROD1030,32
STORE104,PROD1031,189
STORE104,PROD1032,66
STORE104,PROD1033,185
STORE104,PROD1034,143
STORE104,PROD1035,195
STORE104,PROD1036,46
STORE104,PROD1037,174
STORE104,PROD1038,85
STORE104,PROD1039,167
STORE104,PROD1040,22
STORE104,PROD1041,56
STORE104,PROD1042,90
STORE104,PROD1043,57
STORE104,PROD1044,190
STORE104,PROD1045,78
STORE104,PROD1046,107
STORE104,PROD1047,84
STORE104,PROD1048,95
STORE104,PROD1049,66
STORE104,PROD1050,149
STORE104,PROD1051,75
STORE104,PROD1052,118
STORE104,PROD1053,30
STORE104,PROD1054,120
STORE104,PROD1055,13
STORE104,PROD1056,162
STORE104,PROD1057,149
STORE104,PROD1058,148
STORE104,PROD1059,158
STORE104,PROD1060,18
STORE104,PROD1061,120
STORE104,PROD1062,49
STORE104,PROD1063,128
STORE104,PROD1064,30
STORE104,PROD1065,174
STORE104,PROD1066,97
STORE104,PROD1067,135
STORE104,PROD1068,76
STORE104,PROD1069,105
STORE104,PROD1070,13
STORE104,PROD1071,38
STORE104,PROD1072,35
STORE104,PROD1073,51
STORE104,PROD1074,87
STORE104,PROD1075,104
STORE104,PROD1076,145
STORE104,PROD1077,117
STORE104,PROD1078,36
STORE104,PROD1079,80
STORE104,PROD1080,183
STORE104,PROD1081,46
STORE104,PROD1082,199
STORE104,PROD1083,20
STORE104,PROD1084,124
STORE104,PROD1085,85
STORE104,PROD1086,161
STORE104,PROD1087,45
STORE104,PROD1088,80
STORE104,PROD1089,162
STORE104,PROD1090,14
STORE104,PROD1091,1
STORE104,PROD1092,115
STORE104,PROD1093,70
STORE104,PROD1094,53
STORE104,PROD1095,194
STORE104,PROD1096,198
STORE104,PROD1097,43
STORE104,PROD1098,147
STORE104,PROD1099,195
STORE105,PROD1000,40
STORE105,PROD1001,125
STORE105,PROD1002,195
STORE105,PROD1003,199
STORE105,PROD1004,22
STORE105,PROD1005,33
STORE105,PROD1006,157
STORE105,PROD1007,111
STORE105,PROD1008,162
STORE105,PROD1009,109
STORE105,PROD1010,103
STORE105,PROD1011,109
STORE105,PROD1012,122
STORE105,PROD1013,98
STORE105,PROD1014,1
STORE105,PROD1015,9
STORE105,PROD1016,136
STORE105,PROD1017,51
STORE105,PROD1018,187
STORE105,PROD1019,95
STORE105,PROD1020,3
STORE105,PROD1021,82
STORE105,PROD1022,193
STORE105,PROD1023,135
STORE105,PROD1024,48
STORE105,PROD1025,4
STORE105,PROD1026,173
STORE105,PROD1027,1
STORE105,PROD1028,160
STORE105,PROD1029,187
STORE105,PROD1030,63
STORE105,PROD1031,57
STORE105,PROD1032,177
STORE105,PROD1033,88
STORE105,PROD1034,79
STORE105,PROD1035,33
STORE105,PROD1036,26
STORE105,PROD1037,98
STORE105,PROD1038,128
STORE105,PROD1039,150
STORE105,PROD1040,78
STORE105,PROD1041,42
STORE105,PROD1042,16
STORE105,PROD1043,11
STORE105,PROD1044,76
STORE105,PROD1045,74
STORE105,PROD1046,116
STORE105,PROD1047,186
STORE105,PROD1048,133
STORE105,PROD1049,152
STORE105,PROD1050,134
STORE105,PROD1051,86
STORE105,PROD1052,111
STORE105,PROD1053,175
STORE105,PROD1054,34
STORE105,PROD1055,87
STORE105,PROD1056,125
STORE105,PROD1057,91
STORE105,PROD1058,192
STORE105,PROD1059,48
STORE105,PROD1060,42
STORE105,PROD1061,103
STORE105,PROD1062,4
STORE105,PROD1063,58
STORE105,PROD1064,57
STORE105,PROD1065,186
STORE105,PROD1066,33
STORE105,PROD1067,54
STORE105,PROD1068,187
STORE105,PROD1069,5
STORE105,PROD1070,150
STORE105,PROD1071,129
STORE105,PROD1072,43
STORE105,PROD1073,31
STORE105,PROD1074,93
STORE105,PROD1075,182
STORE105,PROD1076,166
STORE105,PROD1077,9
STORE105,PROD1078,96
STORE105,PROD1079,163
STORE105,PROD1080,65
STORE105,PROD1081,197
STORE105,PROD1082,136
STORE105,PROD1083,159
STORE105,PROD1084,12
STORE105,PROD1085,152
STORE105,PROD1086,12
STORE105,PROD1087,169
STORE105,PROD1088,27
STORE105,PROD1089,167
STORE105,PROD1090,5
STORE105,PROD1091,12
STORE105,PROD1092,176
STORE105,PROD1093,29
STORE105,PROD1094,106
STORE105,PROD1095,113
STORE105,PROD1096,97
STORE105,PROD1097,31
STORE105,PROD1098,140
STORE105,PROD1099,64
STORE106,PROD1000,121
STORE106,PROD1001,179
STORE106,PROD1002,39
STORE106,PROD1003,52
STORE106,PROD1004,177
STORE106,PROD1005,175
STORE106,PROD1006,161
STORE106,PROD1007,2
STORE106,PROD1008,77
STORE106,PROD1009,107
STORE106,PROD1010,169
STORE106,PROD1011,25
STORE106,PROD1012,169
STORE106,PROD1013,133
STORE106,PROD1014,69
STORE106,PROD1015,159
STORE106,PROD1016,155
STORE106,PROD1017,179
STORE106,PROD1018,35
STORE106,PROD1019,107
STORE106,PROD1020,26
STORE106,PROD1021,130
STORE106,PROD1022,184
STORE106,PROD1023,158
STORE106,PROD1024,30
STORE106,PROD1025,72
STORE106,PROD1026,29
STORE106,PROD1027,200
STORE106,PROD1028,27
STORE106,PROD1029,127
STORE106,PROD1030,50
STORE106,PROD1031,155
STORE106,PROD1032,51
STORE106,PROD1033,199
STORE106,PROD1034,67
STORE106,PROD1035,133
STORE106,PROD1036,51
STORE106,PROD1037,91
STORE106,PROD1038,180
STORE106,PROD1039,104
STORE106,PROD1040,75
STORE106,PROD1041,41
STORE106,PROD1042,10
STORE106,PROD1043,140
STORE106,PROD1044,127
STORE106,PROD1045,53
STORE106,PROD1046,176
STORE106,PROD1047,123
STORE106,PROD1048,84
STORE106,PROD1049,60
STORE106,PROD1050,0
STORE106,PROD1051,3
STORE106,PROD1052,171
STORE106,PROD1053,22
STORE106,PROD1054,28
STORE106,PROD1055,146
STORE106,PROD1056,171
STORE106,PROD1057,126
STORE106,PROD1058,38
STORE106,PROD1059,23
STORE106,PROD1060,199
STORE106,PROD1061,130
STORE106,PROD1062,19
STORE106,PROD1063,185
STORE106,PROD1064,185
STORE106,PROD1065,25
STORE106,PROD1066,65
STORE106,PROD1067,164
STORE106,PROD1068,59
STORE106,PROD1069,116
STORE106,PROD1070,75
STORE106,PROD1071,67
STORE106,PROD1072,118
STORE106,PROD1073,12
STORE106,PROD1074,25
STORE106,PROD1075,44
STORE106,PROD1076,10
STORE106,PROD1077,74
STORE106,PROD1078,92
STORE106,PROD1079,173
STORE106,PROD1080,80
STORE106,PROD1081,109
STORE106,PROD1082,189
STORE106,PROD1083,29
STORE106,PROD1084,24
STORE106,PROD1085,194
STORE106,PROD1086,11
STORE106,PROD1087,2
STORE106,PROD1088,35
STORE106,PROD1089,169
STORE106,PROD1090,165
STORE106,PROD1091,43
STORE106,PROD1092,84
STORE106,PROD1093,91
STORE106,PROD1094,112
STORE106,PROD1095,159
STORE106,PROD1096,68
STORE106,PROD1097,187
STORE106,PROD1098,23
STORE106,PROD1099,95
STORE107,PROD1000,87
STORE107,PROD1001,46
STORE107,PROD1002,29
STORE107,PROD1003,102
STORE107,PROD1004,102
STORE107,PROD1005,116
STORE107,PROD1006,69
STORE107,PROD1007,98
STORE107,PROD1008,176
STORE107,PROD1009,122
STORE107,PROD1010,107
STORE107,PROD1011,166
STORE107,PROD1012,42
STORE107,PROD1013,28
STORE107,PROD1014,33
STORE107,PROD1015,178
STORE107,PROD1016,185
STORE107,PROD1017,15
STORE107,PROD1018,40
STORE107,PROD1019,26
STORE107,PROD1020,106
STORE107,PROD1021,151
STORE107,PROD1022,123
STORE107,PROD1023,145
STORE107,PROD1024,173
STORE107,PROD1025,112
STORE107,PROD1026,46
STORE107,PROD1027,156
STORE107,PROD1028,97
STORE107,PROD1029,199
STORE107,PROD1030,91
STORE107,PROD1031,156
STORE107,PROD1032,7
STORE107,PROD1033,175
STORE107,PROD1034,186
STORE107,PROD1035,33
STORE107,PROD1036,123
STORE107,PROD1037,124
STORE107,PROD1038,28
STORE107,PROD1039,105
STORE107,PROD1040,112
STORE107,PROD1041,11
STORE107,PROD1042,16
STORE107,PROD1043,66
STORE107,PROD1044,167
STORE107,PROD1045,80
STORE107,PROD1046,3
STORE107,PROD1047,180
STORE107,PROD1048,173
STORE107,PROD1049,134
STORE107,PROD1050,196
STORE107,PROD1051,190
STORE107,PROD1052,147
STORE107,PROD1053,185
STORE107,PROD1054,144
STORE107,PROD1055,57
STORE107,PROD1056,171
STORE107,PROD1057,86
STORE107,PROD1058,132
STORE107,PROD1059,133
STORE107,PROD1060,176
STORE107,PROD1061,179
STORE107,PROD1062,158
STORE107,PROD1063,24
STORE107,PROD1064,110
STORE107,PROD1065,169
STORE107,PROD1066,186
STORE107,PROD1067,63
STORE107,PROD1068,123
STORE107,PROD1069,88
STORE107,PROD1070,169
STORE107,PROD1071,173
STORE107,PROD1072,164
STORE107,PROD1073,98
STORE107,PROD1074,38
STORE107,PROD1075,142
STORE107,PROD1076,156
STORE107,PROD1077,13
STORE107,PROD1078,2
STORE107,PROD1079,164
STORE107,PROD1080,40
STORE107,PROD1081,129
STORE107,PROD1082,120
STORE107,PROD1083,126
STORE107,PROD1084,42
STORE107,PROD1085,19
STORE107,PROD1086,192
STORE107,PROD1087,125
STORE107,PROD1088,82
STORE107,PROD1089,61
STORE107,PROD1090,84
STORE107,PROD1091,71
STORE107,PROD1092,12
STORE107,PROD1093,129
STORE107,PROD1094,57
STORE107,PROD1095,140
STORE107,PROD1096,164
STORE107,PROD1097,96
STORE107,PROD1098,103
STORE107,PROD1099,60
STORE108,PROD1000,20
STORE108,PROD1001,117
STORE108,PROD1002,113
STORE108,PROD1003,146
STORE108,PROD1004,114
STORE108,PROD1005,22
STORE108,PROD1006,127
STORE108,PROD1007,114
STORE108,PROD1008,80
STORE108,PROD1009,30
STORE108,PROD1010,127
STORE108,PROD1011,190
STORE108,PROD1012,167
STORE108,PROD1013,4
STORE108,PROD1014,26
STORE108,PROD1015,103
STORE108,PROD1016,105
STORE108,PROD1017,9
STORE108,PROD1018,142
STORE108,PROD1019,140
STORE108,PROD1020,0
STORE108,PROD1021,23
STORE108,PROD1022,154
STORE108,PROD1023,158
STORE108,PROD1024,163
STORE108,PROD1025,77
STORE108,PROD1026,130
STORE108,PROD1027,143
STORE108,PROD1028,52
STORE108,PROD1029,167
STORE108,PROD1030,171
STORE108,PROD1031,116
STORE108,PROD1032,87
STORE108,PROD1033,93
STORE108,PROD1034,13
STORE108,PROD1035,57
STORE108,PROD1036,116
STORE108,PROD1037,84
STORE108,PROD1038,143
STORE108,PROD1039,196
STORE108,PROD1040,158
STORE108,PROD1041,153
STORE108,PROD1042,121
STORE108,PROD1043,183
STORE108,PROD1044,168
STORE108,PROD1045,93
STORE108,PROD1046,183
STORE108,PROD1047,115
STORE108,PROD1048,29
STORE108,PROD1049,24
STORE108,PROD1050,194
STORE108,PROD1051,168
STORE108,PROD1052,56
STORE108,PROD1053,0
STORE108,PROD1054,87
STORE108,PROD1055,90
STORE108,PROD1056,162
STORE108,PROD1057,74
STORE108,PROD1058,140
STORE108,PROD1059,133
STORE108,PROD1060,95
STORE108,PROD1061,179
STORE108,PROD1062,27
STORE108,PROD1063,11
STORE108,PROD1064,42
STORE108,PROD1065,126
STORE108,PROD1066,35
STORE108,PROD1067,183
STORE108,PROD1068,190
STORE108,PROD1069,184
STORE108,PROD1070,104
STORE108,PROD1071,27
STORE108,PROD1072,65
STORE108,PROD1073,156
STORE108,PROD1074,50
STORE108,PROD1075,48
STORE108,PROD1076,30
STORE108,PROD1077,100
STORE108,PROD1078,55
STORE108,PROD1079,117
STORE108,PROD1080,200
STORE108,PROD1081,48
STORE108,PROD1082,183
STORE108,PROD1083,86
STORE108,PROD1084,27
STORE108,PROD1085,193
STORE108,PROD1086,106
STORE108,PROD1087,11
STORE108,PROD1088,162
STORE108,PROD1089,172
STORE108,PROD1090,150
STORE108,PROD1091,31
STORE108,PROD1092,197
STORE108,PROD1093,115
STORE108,PROD1094,117
STORE108,PROD1095,168
STORE108,PROD1096,150
STORE108,PROD1097,129
STORE108,PROD1098,34
STORE108,PROD1099,127
STORE109,PROD1000,1
STORE109,PROD1001,135
STORE109,PROD1002,188
STORE109,PROD1003,12
STORE109,PROD1004,141
STORE109,PROD1005,110
STORE109,PROD1006,149
STORE109,PROD1007,123
STORE109,PROD1008,130
STORE109,PROD1009,199
STORE109,PROD1010,45
STORE109,PROD1011,177
STORE109,PROD1012,148
STORE109,PROD1013,44
STORE109,PROD1014,187
STORE109,PROD1015,32
STORE109,PROD1016,26
STORE109,PROD1017,99
STORE109,PROD1018,168
STORE109,PROD1019,153
STORE109,PROD1020,155
STORE109,PROD1021,82
STORE109,PROD1022,129
STORE109,PROD1023,98
STORE109,PROD1024,107
STORE109,PROD1025,155
STORE109,PROD1026,177
STORE109,PROD1027,195
STORE109,PROD1028,63
STORE109,PROD1029,70
STORE109,PROD1030,101
STORE109,PROD1031,87
STORE109,PROD1032,75
STORE109,PROD1033,115
STORE109,PROD1034,34
STORE109,PROD1035,35
STORE109,PROD1036,105
STORE109,PROD1037,154
STORE109,PROD1038,179
STORE109,PROD1039,191
STORE109,PROD1040,131
STORE109,PROD1041,76
STORE109,PROD1042,179
STORE109,PROD1043,140
STORE109,PROD1044,80
STORE109,PROD1045,182
STORE109,PROD1046,188
STORE109,PROD1047,141
STORE109,PROD1048,161
STORE109,PROD1049,55
STORE109,PROD1050,51
STORE109,PROD1051,53
STORE109,PROD1052,159
STORE109,PROD1053,182
STORE109,PROD1054,74
STORE109,PROD1055,175
STORE109,PROD1056,88
STORE109,PROD1057,172
STORE109,PROD1058,33
STORE109,PROD1059,181
STORE109,PROD1060,166
STORE109,PROD1061,45
STORE109,PROD1062,128
STORE109,PROD1063,138
STORE109,PROD1064,177
STORE109,PROD1065,163
STORE109,PROD1066,82
STORE109,PROD1067,181
STORE109,PROD1068,29
STORE109,PROD1069,194
STORE109,PROD1070,90
STORE109,PROD1071,143
STORE109,PROD1072,122
STORE109,PROD1073,149
STORE109,PROD1074,146
STORE109,PROD1075,170
STORE109,PROD1076,181
STORE109,PROD1077,106
STORE109,PROD1078,172
STORE109,PROD1079,191
STORE109,PROD1080,136
STORE109,PROD1081,73
STORE109,PROD1082,108
STORE109,PROD1083,3
STORE109,PROD1084,133
STORE109,PROD1085,27
STORE109,PROD1086,6
STORE109,PROD1087,97
STORE109,PROD1088,37
STORE109,PROD1089,13
STORE109,PROD1090,171
STORE109,PROD1091,14
STORE109,PROD1092,51
STORE109,PROD1093,68
STORE109,PROD1094,192
STORE109,PROD1095,41
STORE109,PROD1096,73
STORE109,PROD1097,174
STORE109,PROD1098,64
STORE109,PROD1099,37
STORE110,PROD1000,15
STORE110,PROD1001,176
STORE110,PROD1002,200
STORE110,PROD1003,75
STORE110,PROD1004,52
STORE110,PROD1005,192
STORE110,PROD1006,138
STORE110,PROD1007,8
STORE110,PROD1008,91
STORE110,PROD1009,115
STORE110,PROD1010,26
STORE110,PROD1011,157
STORE110,PROD1012,172
STORE110,PROD1013,189
STORE110,PROD1014,143
STORE110,PROD1015,57
STORE110,PROD1016,190
STORE110,PROD1017,165
STORE110,PROD1018,143
STORE110,PROD1019,99
STORE110,PROD1020,60
STORE110,PROD1021,130
STORE110,PROD1022,200
STORE110,PROD1023,178
STORE110,PROD1024,73
STORE110,PROD1025,177
STORE110,PROD1026,170
STORE110,PROD1027,12
STORE110,PROD1028,97
STORE110,PROD1029,99
STORE110,PROD1030,106
STORE110,PROD1031,175
STORE110,PROD1032,80
STORE110,PROD1033,141
STORE110,PROD1034,13
STORE110,PROD1035,3
STORE110,PROD1036,190
STORE110,PROD1037,64
STORE110,PROD1038,51
STORE110,PROD1039,158
STORE110,PROD1040,199
STORE110,PROD1041,113
STORE110,PROD1042,57
STORE110,PROD1043,162
STORE110,PROD1044,180
STORE110,PROD1045,181
STORE110,PROD1046,165
STORE110,PROD1047,94
STORE110,PROD1048,193
STORE110,PROD1049,150
STORE110,PROD1050,139
STORE110,PROD1051,189
STORE110,PROD1052,154
STORE110,PROD1053,50
STORE110,PROD1054,198
STORE110,PROD1055,185
STORE110,PROD1056,49
STORE110,PROD1057,75
STORE110,PROD1058,114
STORE110,PROD1059,45
STORE110,PROD1060,174
STORE110,PROD1061,19
STORE110,PROD1062,47
STORE110,PROD1063,44
STORE110,PROD1064,188
STORE110,PROD1065,131
STORE110,PROD1066,30
STORE110,PROD1067,96
STORE110,PROD1068,10
STORE110,PROD1069,109
STORE110,PROD1070,71
STORE110,PROD1071,142
STORE110,PROD1072,67
STORE110,PROD1073,33
STORE110,PROD1074,41
STORE110,PROD1075,149
STORE110,PROD1076,65
STORE110,PROD1077,1
STORE110,PROD1078,84
STORE110,PROD1079,119
STORE110,PROD1080,181
STORE110,PROD1081,39
STORE110,PROD1082,10
STORE110,PROD1083,39
STORE110,PROD1084,82
STORE110,PROD1085,152
STORE110,PROD1086,13
STORE110,PROD1087,198
STORE110,PROD1088,160
STORE110,PROD1089,157
STORE110,PROD1090,169
STORE110,PROD1091,77
STORE110,PROD1092,125
STORE110,PROD1093,146
STORE110,PROD1094,140
STORE110,PROD1095,91
STORE110,PROD1096,18
STORE110,PROD1097,200
STORE110,PROD1098,181
STORE110,PROD1099,81
STORE111,PROD1000,134
STORE111,PROD1001,56
STORE111,PROD1002,47
STORE111,PROD1003,133
STORE111,PROD1004,17
STORE111,PROD1005,129
STORE111,PROD1006,40
STORE111,PROD1007,106
STORE111,PROD1008,139
STORE111,PROD1009,137
STORE111,PROD1010,103
STORE111,PROD1011,23
STORE111,PROD1012,89
STORE111,PROD1013,56
STORE111,PROD1014,54
STORE111,PROD1015,169
STORE111,PROD1016,84
STORE111,PROD1017,84
STORE111,PROD1018,92
STORE111,PROD1019,75
STORE111,PROD1020,55
STORE111,PROD1021,192
STORE111,PROD1022,158
STORE111,PROD1023,135
STORE111,PROD1024,121
STORE111,PROD1025,143
STORE111,PROD1026,192
STORE111,PROD1027,166
STORE111,PROD1028,2
STORE111,PROD1029,29
STORE111,PROD1030,171
STORE111,PROD1031,88
STORE111,PROD1032,114
STORE111,PROD1033,61
STORE111,PROD1034,164
STORE111,PROD1035,157
STORE111,PROD1036,159
STORE111,PROD1037,62
STORE111,PROD1038,10
STORE111,PROD1039,174
STORE111,PROD1040,82
STORE111,PROD1041,97
STORE111,PROD1042,29
STORE111,PROD1043,98
STORE111,PROD1044,65
STORE111,PROD1045,138
STORE111,PROD1046,185
STORE111,PROD1047,72
STORE111,PROD1048,6
STORE111,PROD1049,132
STORE111,PROD1050,197
STORE111,PROD1051,95
STORE111,PROD1052,131
STORE111,PROD1053,130
STORE111,PROD1054,114
STORE111,PROD1055,124
STORE111,PROD1056,11
STORE111,PROD1057,75
STORE111,PROD1058,166
STORE111,PROD1059,49
STORE111,PROD1060,82
STORE111,PROD1061,131
STORE111,PROD1062,21
STORE111,PROD1063,24
STORE111,PROD1064,42
STORE111,PROD1065,197
STORE111,PROD1066,137
STORE111,PROD1067,136
STORE111,PROD1068,1
STORE111,PROD1069,160
STORE111,PROD1070,16
STORE111,PROD1071,53
STORE111,PROD1072,171
STORE111,PROD1073,161
STORE111,PROD1074,198
STORE111,PROD1075,54
STORE111,PROD1076,175
STORE111,PROD1077,108
STORE111,PROD1078,26
STORE111,PROD1079,52
STORE111,PROD1080,137
STORE111,PROD1081,179
STORE111,PROD1082,189
STORE111,PROD1083,198
STORE111,PROD1084,111
STORE111,PROD1085,165
STORE111,PROD1086,18
STORE111,PROD1087,191
STORE111,PROD1088,175
STORE111,PROD1089,39
STORE111,PROD1090,6
STORE111,PROD1091,117
STORE111,PROD1092,183
STORE111,PROD1093,84
STORE111,PROD1094,9
STORE111,PROD1095,22
STORE111,PROD1096,18
STORE111,PROD1097,13
STORE111,PROD1098,45
STORE111,PROD1099,64
STORE112,PROD1000,142
STORE112,PROD1001,18
STORE112,PROD1002,147
STORE112,PROD1003,58
STORE112,PROD1004,66
STORE112,PROD1005,104
STORE112,PROD1006,99
STORE112,PROD1007,115
STORE112,PROD1008,161
STORE112,PROD1009,103
STORE112,PROD1010,110
STORE112,PROD1011,80
STORE112,PROD1012,4
STORE112,PROD1013,99
STORE112,PROD1014,172
STORE112,PROD1015,30
STORE112,PROD1016,136
STORE112,PROD1017,1
STORE112,PROD1018,164
STORE112,PROD1019,184
STORE112,PROD1020,158
STORE112,PROD1021,16
STORE112,PROD1022,193
STORE112,PROD1023,190
STORE112,PROD1024,149
STORE112,PROD1025,11
STORE112,PROD1026,179
STORE112,PROD1027,18
STORE112,PROD1028,91
STORE112,PROD1029,128
STORE112,PROD1030,27
STORE112,PROD1031,74
STORE112,PROD1032,175
STORE112,PROD1033,77
STORE112,PROD1034,155
STORE112,PROD1035,22
STORE112,PROD1036,72
STORE112,PROD1037,195
STORE112,PROD1038,112
STORE112,PROD1039,97
STORE112,PROD1040,101
STORE112,PROD1041,169
STORE112,PROD1042,7
STORE112,PROD1043,121
STORE112,PROD1044,40
STORE112,PROD1045,136
STORE112,PROD1046,56
STORE112,PROD1047,34
STORE112,PROD1048,191
STORE112,PROD1049,100
STORE112,PROD1050,139
STORE112,PROD1051,75
STORE112,PROD1052,162
STORE112,PROD1053,36
STORE112,PROD1054,76
STORE112,PROD1055,173
STORE112,PROD1056,186
STORE112,PROD1057,165
STORE112,PROD1058,95
STORE112,PROD1059,2
STORE112,PROD1060,141
STORE112,PROD1061,142
STORE112,PROD1062,36
STORE112,PROD1063,31
STORE112,PROD1064,10
STORE112,PROD1065,1
STORE112,PROD1066,146
STORE112,PROD1067,152
STORE112,PROD1068,100
STORE112,PROD1069,137
STORE112,PROD1070,140
STORE112,PROD1071,21
STORE112,PROD1072,78
STORE112,PROD1073,53
STORE112,PROD1074,191
STORE112,PROD1075,189
STORE112,PROD1076,185
STORE112,PROD1077,88
STORE112,PROD1078,54
STORE112,PROD1079,105
STORE112,PROD1080,165
STORE112,PROD1081,131
STORE112,PROD1082,36
STORE112,PROD1083,41
STORE112,PROD1084,47
STORE112,PROD1085,56
STORE112,PROD1086,157
STORE112,PROD1087,64
STORE112,PROD1088,49
STORE112,PROD1089,29
STORE112,PROD1090,46
STORE112,PROD1091,171
STORE112,PROD1092,145
STORE112,PROD1093,13
STORE112,PROD1094,192
STORE112,PROD1095,140
STORE112,PROD1096,118
STORE112,PROD1097,165
STORE112,PROD1098,140
STORE112,PROD1099,18
STORE113,PROD1000,74
STORE113,PROD1001,171
STORE113,PROD1002,17
STORE113,PROD1003,64
STORE113,PROD1004,25
STORE113,PROD1005,50
STORE113,PROD1006,185
STORE113,PROD1007,148
STORE113,PROD1008,124
STORE113,PROD1009,84
STORE113,PROD1010,91
STORE113,PROD1011,32
STORE113,PROD1012,171
STORE113,PROD1013,167
STORE113,PROD1014,60
STORE113,PROD1015,25
STORE113,PROD1016,72
STORE113,PROD1017,158
STORE113,PROD1018,17
STORE113,PROD1019,49
STORE113,PROD1020,81
STORE113,PROD1021,124
STORE113,PROD1022,115
STORE113,PROD1023,84
STORE113,PROD1024,157
STORE113,PROD1025,168
STORE113,PROD1026,78
STORE113,PROD1027,177
STORE113,PROD1028,149
STORE113,PROD1029,39
STORE113,PROD1030,144
STORE113,PROD1031,145
STORE113,PROD1032,93
STORE113,PROD1033,80
STORE113,PROD1034,109
STORE113,PROD1035,43
STORE113,PROD1036,1
STORE113,PROD1037,80
STORE113,PROD1038,63
STORE113,PROD1039,56
STORE113,PROD1040,182
STORE113,PROD1041,189
STORE113,PROD1042,164
STORE113,PROD1043,111
STORE113,PROD1044,70
STORE113,PROD1045,92
STORE113,PROD1046,34
STORE113,PROD1047,173
STORE113,PROD1048,187
STORE113,PROD1049,84
STORE113,PROD1050,122
STORE113,PROD1051,118
STORE113,PROD1052,114
STORE113,PROD1053,91
STORE113,PROD1054,198
STORE113,PROD1055,78
STORE113,PROD1056,124
STORE113,PROD1057,141
STORE113,PROD1058,27
STORE113,PROD1059,44
STORE113,PROD1060,165
STORE113,PROD1061,155
STORE113,PROD1062,20
STORE113,PROD1063,71
STORE113,PROD1064,35
STORE113,PROD1065,137
STORE113,PROD1066,50
STORE113,PROD1067,67
STORE113,PROD1068,187
STORE113,PROD1069,160
STORE113,PROD1070,19
STORE113,PROD1071,186
STORE113,PROD1072,19
STORE113,PROD1073,4
STORE113,PROD1074,129
STORE113,PROD1075,161
STORE113,PROD1076,7
STORE113,PROD1077,148
STORE113,PROD1078,148
STORE113,PROD1079,103
STORE113,PROD1080,196
STORE113,PROD1081,151
STORE113,PROD1082,54
STORE113,PROD1083,9
STORE113,PROD1084,141
STORE113,PROD1085,66
STORE113,PROD1086,139
STORE113,PROD1087,138
STORE113,PROD1088,120
STORE113,PROD1089,167
STORE113,PROD1090,198
STORE113,PROD1091,38
STORE113,PROD1092,93
STORE113,PROD1093,100
STORE113,PROD1094,57
STORE113,PROD1095,197
STORE113,PROD1096,150
STORE113,PROD1097,187
STORE113,PROD1098,74
STORE113,PROD1099,34
STORE114,PROD1000,118
STORE114,PROD1001,128
STORE114,PROD1002,130
STORE114,PROD1003,23
STORE114,PROD1004,101
STORE114,PROD1005,93
STORE114,PROD1006,128
STORE114,PROD1007,2
STORE114,PROD1008,169
STORE114,PROD1009,61
STORE114,PROD1010,157
STORE114,PROD1011,175
STORE114,PROD1012,42
STORE114,PROD1013,193
STORE114,PROD1014,131
STORE114,PROD1015,35
STORE114,PROD1016,114
STORE114,PROD1017,40
STORE114,PROD1018,45
STORE114,PROD1019,144
STORE114,PROD1020,144
STORE114,PROD1021,168
STORE114,PROD1022,37
STORE114,PROD1023,188
STORE114,PROD1024,187
STORE114,PROD1025,123
STORE114,PROD1026,91
STORE114,PROD1027,10
STORE114,PROD1028,56
STORE114,PROD1029,194
STORE114,PROD1030,124
STORE114,PROD1031,59
STORE114,PROD1032,16
STORE114,PROD1033,67
STORE114,PROD1034,94
STORE114,PROD1035,59
STORE114,PROD1036,10
STORE114,PROD1037,171
STORE114,PROD1038,52
STORE114,PROD1039,132
STORE114,PROD1040,92
STORE114,PROD1041,99
STORE114,PROD1042,120
STORE114,PROD1043,116
STORE114,PROD1044,11
STORE114,PROD1045,10
STORE114,PROD1046,166
STORE114,PROD1047,82
STORE114,PROD1048,26
STORE114,PROD1049,180
STORE114,PROD1050,133
STORE114,PROD1051,162
STORE114,PROD1052,70
STORE114,PROD1053,189
STORE114,PROD1054,67
STORE114,PROD1055,148
STORE114,PROD1056,139
STORE114,PROD1057,145
STORE114,PROD1058,44
STORE114,PROD1059,96
STORE114,PROD1060,167
STORE114,PROD1061,96
STORE114,PROD1062,93
STORE114,PROD1063,150
STORE114,PROD1064,167
STORE114,PROD1065,19
STORE114,PROD1066,132
STORE114,PROD1067,64
STORE114,PROD1068,96
STORE114,PROD1069,57
STORE114,PROD1070,132
STORE114,PROD1071,103
STORE114,PROD1072,90
STORE114,PROD1073,88
STORE114,PROD1074,124
STORE114,PROD1075,123
STORE114,PROD1076,154
STORE114,PROD1077,1
STORE114,PROD1078,128
STORE114,PROD1079,35
STORE114,PROD1080,112
STORE114,PROD1081,42
STORE114,PROD1082,58
STORE114,PROD1083,19
STORE114,PROD1084,131
STORE114,PROD1085,164
STORE114,PROD1086,71
STORE114,PROD1087,54
STORE114,PROD1088,38
STORE114,PROD1089,47
STORE114,PROD1090,40
STORE114,PROD1091,92
STORE114,PROD1092,154
STORE114,PROD1093,183
STORE114,PROD1094,30
STORE114,PROD1095,169
STORE114,PROD1096,58
STORE114,PROD1097,106
STORE114,PROD1098,84
STORE114,PROD1099,184
STORE115,PROD1000,29
STORE115,PROD1001,123
STORE115,PROD1002,172
STORE115,PROD1003,122
STORE115,PROD1004,122
STORE115,PROD1005,53
STORE115,PROD1006,151
STORE115,PROD1007,41
STORE115,PROD1008,165
STORE115,PROD1009,105
STORE115,PROD1010,5
STORE115,PROD1011,62
STORE115,PROD1012,11
STORE115,PROD1013,32
STORE115,PROD1014,146
STORE115,PROD1015,151
STORE115,PROD1016,41
STORE115,PROD1017,34
STORE115,PROD1018,161
STORE115,PROD1019,131
STORE115,PROD1020,10
STORE115,PROD1021,146
STORE115,PROD1022,37
STORE115,PROD1023,14
STORE115,PROD1024,42
STORE115,PROD1025,66
STORE115,PROD1026,46
STORE115,PROD1027,132
STORE115,PROD1028,103
STORE115,PROD1029,153
STORE115,PROD1030,144
STORE115,PROD1031,163
STORE115,PROD1032,4
STORE115,PROD1033,184
STORE115,PROD1034,186
STORE115,PROD1035,169
STORE115,PROD1036,72
STORE115,PROD1037,21
STORE115,PROD1038,55
STORE115,PROD1039,114
STORE115,PROD1040,155
STORE115,PROD1041,120
STORE115,PROD1042,123
STORE115,PROD1043,43
STORE115,PROD1044,56
STORE115,PROD1045,105
STORE115,PROD1046,153
STORE115,PROD1047,36
STORE115,PROD1048,149
STORE115,PROD1049,196
STORE115,PROD1050,46
STORE115,PROD1051,159
STORE115,PROD1052,168
STORE115,PROD1053,130
STORE115,PROD1054,67
STORE115,PROD1055,42
STORE115,PROD1056,185
STORE115,PROD1057,175
STORE115,PROD1058,87
STORE115,PROD1059,116
STORE115,PROD1060,152
STORE115,PROD1061,151
STORE115,PROD1062,17
STORE115,PROD1063,58
STORE115,PROD1064,96
STORE115,PROD1065,98
STORE115,PROD1066,33
STORE115,PROD1067,27
STORE115,PROD1068,4
STORE115,PROD1069,51
STORE115,PROD1070,133
STORE115,PROD1071,129
STORE115,PROD1072,175
STORE115,PROD1073,107
STORE115,PROD1074,38
STORE115,PROD1075,155
STORE115,PROD1076,24
STORE115,PROD1077,45
STORE115,PROD1078,121
STORE115,PROD1079,157
STORE115,PROD1080,153
STORE115,PROD1081,9
STORE115,PROD1082,200
STORE115,PROD1083,136
STORE115,PROD1084,128
STORE115,PROD1085,192
STORE115,PROD1086,30
STORE115,PROD1087,23
STORE115,PROD1088,123
STORE115,PROD1089,168
STORE115,PROD1090,33
STORE115,PROD1091,154
STORE115,PROD1092,138
STORE115,PROD1093,0
STORE115,PROD1094,198
STORE115,PROD1095,173
STORE115,PROD1096,166
STORE115,PROD1097,110
STORE115,PROD1098,133
STORE115,PROD1099,107
STORE116,PROD1000,94
STORE116,PROD1001,11
STORE116,PROD1002,178
STORE116,PROD1003,135
STORE116,PROD1004,109
STORE116,PROD1005,58
STORE116,PROD1006,123
STORE116,PROD1007,196
STORE116,PROD1008,97
STORE116,PROD1009,89
STORE116,PROD1010,150
STORE116,PROD1011,189
STORE116,PROD1012,194
STORE116,PROD1013,178
STORE116,PROD1014,147
STORE116,PROD1015,25
STORE116,PROD1016,108
STORE116,PROD1017,34
STORE116,PROD1018,65
STORE116,PROD1019,122
STORE116,PROD1020,196
STORE116,PROD1021,59
STORE116,PROD1022,21
STORE116,PROD1023,72
STORE116,PROD1024,153
STORE116,PROD1025,139
STORE116,PROD1026,104
STORE116,PROD1027,65
STORE116,PROD1028,48
STORE116,PROD1029,1
STORE116,PROD1030,181
STORE116,PROD1031,190
STORE116,PROD1032,1
STORE116,PROD1033,147
STORE116,PROD1034,133
STORE116,PROD1035,30
STORE116,PROD1036,133
STORE116,PROD1037,1
STORE116,PROD1038,96
STORE116,PROD1039,167
STORE116,PROD1040,52
STORE116,PROD1041,176
STORE116,PROD1042,80
STORE116,PROD1043,104
STORE116,PROD1044,92
STORE116,PROD1045,27
STORE116,PROD1046,39
STORE116,PROD1047,109
STORE116,PROD1048,166
STORE116,PROD1049,149
STORE116,PROD1050,64
STORE116,PROD1051,66
STORE116,PROD1052,137
STORE116,PROD1053,108
STORE116,PROD1054,144
STORE116,PROD1055,93
STORE116,PROD1056,156
STORE116,PROD1057,70
STORE116,PROD1058,174
STORE116,PROD1059,101
STORE116,PROD1060,193
STORE116,PROD1061,52
STORE116,PROD1062,105
STORE116,PROD1063,141
STORE116,PROD1064,200
STORE116,PROD1065,142
STORE116,PROD1066,123
STORE116,PROD1067,45
STORE116,PROD1068,94
STORE116,PROD1069,143
STORE116,PROD1070,142
STORE116,PROD1071,123
STORE116,PROD1072,64
STORE116,PROD1073,78
STORE116,PROD1074,147
STORE116,PROD1075,88
STORE116,PROD1076,198
STORE116,PROD1077,180
STORE116,PROD1078,101
STORE116,PROD1079,188
STORE116,PROD1080,35
STORE116,PROD1081,168
STORE116,PROD1082,30
STORE116,PROD1083,191
STORE116,PROD1084,58
STORE116,PROD1085,114
STORE116,PROD1086,200
STORE116,PROD1087,179
STORE116,PROD1088,41
STORE116,PROD1089,25
STORE116,PROD1090,54
STORE116,PROD1091,130
STORE116,PROD1092,102
STORE116,PROD1093,86
STORE116,PROD1094,140
STORE116,PROD1095,157
STORE116,PROD1096,178
STORE116,PROD1097,175
STORE116,PROD1098,180
STORE116,PROD1099,13
STORE117,PROD1000,41
STORE117,PROD1001,99
STORE117,PROD1002,162
STORE117,PROD1003,1
STORE117,PROD1004,23
STORE117,PROD1005,37
STORE117,PROD1006,120
STORE117,PROD1007,153
STORE117,PROD1008,111
STORE117,PROD1009,22
STORE117,PROD1010,16
STORE117,PROD1011,67
STORE117,PROD1012,56
STORE117,PROD1013,94
STORE117,PROD1014,20
STORE117,PROD1015,155
STORE117,PROD1016,9
STORE117,PROD1017,185
STORE117,PROD1018,98
STORE117,PROD1019,102
STORE117,PROD1020,157
STORE117,PROD1021,167
STORE117,PROD1022,133
STORE117,PROD1023,73
STORE117,PROD1024,182
STORE117,PROD1025,152
STORE117,PROD1026,14
STORE117,PROD1027,198
STORE117,PROD1028,44
STORE117,PROD1029,163
STORE117,PROD1030,126
STORE117,PROD1031,112
STORE117,PROD1032,2
STORE117,PROD1033,51
STORE117,PROD1034,168
STORE117,PROD1035,132
STORE117,PROD1036,73
STORE117,PROD1037,49
STORE117,PROD1038,8
STORE117,PROD1039,200
STORE117,PROD1040,153
STORE117,PROD1041,130
STORE117,PROD1042,132
STORE117,PROD1043,178
STORE117,PROD1044,59
STORE117,PROD1045,157
STORE117,PROD1046,43
STORE117,PROD1047,172
STORE117,PROD1048,9
STORE117,PROD1049,92
STORE117,PROD1050,61
STORE117,PROD1051,167
STORE117,PROD1052,0
STORE117,PROD1053,40
STORE117,PROD1054,22
STORE117,PROD1055,70
STORE117,PROD1056,199
STORE117,PROD1057,102
STORE117,PROD1058,90
STORE117,PROD1059,171
STORE117,PROD1060,101
STORE117,PROD1061,103
STORE117,PROD1062,150
STORE117,PROD1063,51
STORE117,PROD1064,132
STORE117,PROD1065,3
STORE117,PROD1066,188
STORE117,PROD1067,180
STORE117,PROD1068,17
STORE117,PROD1069,23
STORE117,PROD1070,140
STORE117,PROD1071,72
STORE117,PROD1072,185
STORE117,PROD1073,143
STORE117,PROD1074,149
STORE117,PROD1075,89
STORE117,PROD1076,88
STORE117,PROD1077,70
STORE117,PROD1078,57
STORE117,PROD1079,155
STORE117,PROD1080,49
STORE117,PROD1081,116
STORE117,PROD1082,103
STORE117,PROD1083,147
STORE117,PROD1084,1
STORE117,PROD1085,66
STORE117,PROD1086,44
STORE117,PROD1087,104
STORE117,PROD1088,129
STORE117,PROD1089,27
STORE117,PROD1090,143
STORE117,PROD1091,18
STORE117,PROD1092,128
STORE117,PROD1093,75
STORE117,PROD1094,87
STORE117,PROD1095,29
STORE117,PROD1096,131
STORE117,PROD1097,65
STORE117,PROD1098,137
STORE117,PROD1099,147
STORE118,PROD1000,64
STORE118,PROD1001,177
STORE118,PROD1002,113
STORE118,PROD1003,96
STORE118,PROD1004,144
STORE118,PROD1005,123
STORE118,PROD1006,197
STORE118,PROD1007,62
STORE118,PROD1008,193
STORE118,PROD1009,86
STORE118,PROD1010,198
STORE118,PROD1011,117
STORE118,PROD1012,174
STORE118,PROD1013,117
STORE118,PROD1014,150
STORE118,PROD1015,7
STORE118,PROD1016,123
STORE118,PROD1017,29
STORE118,PROD1018,66
STORE118,PROD1019,17
STORE118,PROD1020,97
STORE118,PROD1021,162
STORE118,PROD1022,56
STORE118,PROD1023,173
STORE118,PROD1024,179
STORE118,PROD1025,58
STORE118,PROD1026,80
STORE118,PROD1027,105
STORE118,PROD1028,90
STORE118,PROD1029,132
STORE118,PROD1030,137
STORE118,PROD1031,2
STORE118,PROD1032,179
STORE118,PROD1033,67
STORE118,PROD1034,63
STORE118,PROD1035,73
STORE118,PROD1036,23
STORE118,PROD1037,102
STORE118,PROD1038,172
STORE118,PROD1039,191
STORE118,PROD1040,87
STORE118,PROD1041,19
STORE118,PROD1042,141
STORE118,PROD1043,45
STORE118,PROD1044,121
STORE118,PROD1045,80
STORE118,PROD1046,90
STORE118,PROD1047,55
STORE118,PROD1048,146
STORE118,PROD1049,68
STORE118,PROD1050,46
STORE118,PROD1051,191
STORE118,PROD1052,174
STORE118,PROD1053,48
STORE118,PROD1054,127
STORE118,PROD1055,188
STORE118,PROD1056,51
STORE118,PROD1057,60
STORE118,PROD1058,188
STORE118,PROD1059,61
STORE118,PROD1060,67
STORE118,PROD1061,52
STORE118,PROD1062,58
STORE118,PROD1063,51
STORE118,PROD1064,63
STORE118,PROD1065,158
STORE118,PROD1066,91
STORE118,PROD1067,39
STORE118,PROD1068,199
STORE118,PROD1069,27
STORE118,PROD1070,30
STORE118,PROD1071,20
STORE118,PROD1072,173
STORE118,PROD1073,169
STORE118,PROD1074,126
STORE118,PROD1075,157
STORE118,PROD1076,1
STORE118,PROD1077,195
STORE118,PROD1078,138
STORE118,PROD1079,10
STORE118,PROD1080,123
STORE118,PROD1081,95
STORE118,PROD1082,158
STORE118,PROD1083,80
STORE118,PROD1084,126
STORE118,PROD1085,147
STORE118,PROD1086,70
STORE118,PROD1087,125
STORE118,PROD1088,46
STORE118,PROD1089,195
STORE118,PROD1090,130
STORE118,PROD1091,71
STORE118,PROD1092,101
STORE118,PROD1093,56
STORE118,PROD1094,192
STORE118,PROD1095,147
STORE118,PROD1096,32
STORE118,PROD1097,13
STORE118,PROD1098,134
STORE118,PROD1099,108
STORE119,PROD1000,122
STORE119,PROD1001,138
STORE119,PROD1002,8
STORE119,PROD1003,128
STORE119,PROD1004,88
STORE119,PROD1005,100
STORE119,PROD1006,175
STORE119,PROD1007,198
STORE119,PROD1008,44
STORE119,PROD1009,117
STORE119,PROD1010,30
STORE119,PROD1011,178
STORE119,PROD1012,132
STORE119,PROD1013,117
STORE119,PROD1014,80
STORE119,PROD1015,176
STORE119,PROD1016,2
STORE119,PROD1017,3
STORE119,PROD1018,172
STORE119,PROD1019,53
STORE119,PROD1020,97
STORE119,PROD1021,148
STORE119,PROD1022,25
STORE119,PROD1023,83
STORE119,PROD1024,92
STORE119,PROD1025,156
STORE119,PROD1026,66
STORE119,PROD1027,47
STORE119,PROD1028,140
STORE119,PROD1029,67
STORE119,PROD1030,60
STORE119,PROD1031,68
STORE119,PROD1032,120
STORE119,PROD1033,156
STORE119,PROD1034,87
STORE119,PROD1035,93
STORE119,PROD1036,47
STORE119,PROD1037,127
STORE119,PROD1038,108
STORE119,PROD1039,53
STORE119,PROD1040,107
STORE119,PROD1041,179
STORE119,PROD1042,192
STORE119,PROD1043,95
STORE119,PROD1044,93
STORE119,PROD1045,102
STORE119,PROD1046,71
STORE119,PROD1047,115
STORE119,PROD1048,46
STORE119,PROD1049,146
STORE119,PROD1050,33
STORE119,PROD1051,147
STORE119,PROD1052,175
STORE119,PROD1053,58
STORE119,PROD1054,25
STORE119,PROD1055,184
STORE119,PROD1056,69
STORE119,PROD1057,60
STORE119,PROD1058,142
STORE119,PROD1059,110
STORE119,PROD1060,97
STORE119,PROD1061,50
STORE119,PROD1062,37
STORE119,PROD1063,189
STORE119,PROD1064,38
STORE119,PROD1065,121
STORE119,PROD1066,2
STORE119,PROD1067,45
STORE119,PROD1068,107
STORE119,PROD1069,127
STORE119,PROD1070,34
STORE119,PROD1071,161
STORE119,PROD1072,132
STORE119,PROD1073,136
STORE119,PROD1074,184
STORE119,PROD1075,80
STORE119,PROD1076,124
STORE119,PROD1077,76
STORE119,PROD1078,64
STORE119,PROD1079,143
STORE119,PROD1080,145
STORE119,PROD1081,12
STORE119,PROD1082,101
STORE119,PROD1083,25
STORE119,PROD1084,176
STORE119,PROD1085,41
STORE119,PROD1086,15
STORE119,PROD1087,55
STORE119,PROD1088,65
STORE119,PROD1089,121
STORE119,PROD1090,161
STORE119,PROD1091,24
STORE119,PROD1092,115
STORE119,PROD1093,190
STORE119,PROD1094,85
STORE119,PROD1095,66
STORE119,PROD1096,92
STORE119,PROD1097,92
STORE119,PROD1098,143
STORE119,PROD1099,142
